address,contract_ticker_symbol,balance,quote,contract_decimals,contract_address,contract_name
0x89d9Dd2e85ecC305E276f51BB21fd4C708Be9487,ETH,544607265964497561,1770.2874,18,0xeeeeeeeeeeeeeeeeeeeeeeeeeeeeeeeeeeeeeeee,Ether
0x89d9Dd2e85ecC305E276f51BB21fd4C708Be9487,DRCT,24587949029612865741907,168.04243,18,0x9d561d63375672abd02119b9bc4fb90eb9e307ca,Direct
0x89d9Dd2e85ecC305E276f51BB21fd4C708Be9487,FPIS,20186757920000000000,124.08126,18,0xc2544a32872a91f4a553b404c6950e89de901fdb,Frax Price Index Share
0x89d9Dd2e85ecC305E276f51BB21fd4C708Be9487,GM,2428428519654954,61.447803,9,0xbc7250c8c3eca1dfc1728620af835fca489bfdf3,GM
0x89d9Dd2e85ecC305E276f51BB21fd4C708Be9487,sOHM,0,0.0,9,0x04f2694c8fcee23e8fd0dfea1d4f5bb8c352111f,Staked Olympus
0x89d9Dd2e85ecC305E276f51BB21fd4C708Be9487,gOHM,0,0.0,18,0x0ab87046fbb341d058f17cbc4c1133f25a20a52f,Governance OHM
0x89d9Dd2e85ecC305E276f51BB21fd4C708Be9487,FXS,0,0.0,18,0x3432b6a60d23ca0dfca7761b7ab56459d9c964d0,Frax Share
0x89d9Dd2e85ecC305E276f51BB21fd4C708Be9487,WOZX,0,0.0,18,0x34950ff2b487d9e5282c5ab342d08a2f712eb79f,EFFORCE IEO
0x89d9Dd2e85ecC305E276f51BB21fd4C708Be9487,OHM,0,0.0,9,0x383518188c0c6d7730d91b2c03a03c837814a899,Olympus
0x89d9Dd2e85ecC305E276f51BB21fd4C708Be9487,DUSK,0,0.0,18,0x940a2db1b7008b6c776d4faaca729d6d4a4aa551,Dusk Network
0x89d9Dd2e85ecC305E276f51BB21fd4C708Be9487,PYR,0,0.0,18,0x9534ad65fb398e27ac8f4251dae1780b989d136e,PYR Token
0x89d9Dd2e85ecC305E276f51BB21fd4C708Be9487,tFXS,243810000000000000000,0.0,18,0xadf15ec41689fc5b6dca0db7c53c9bfe7981e655,TokemaktFXS
0x89d9Dd2e85ecC305E276f51BB21fd4C708Be9487,ZCX,0,0.0,18,0xc52c326331e9ce41f04484d3b5e5648158028804,ZEN Exchange Token
0x89d9Dd2e85ecC305E276f51BB21fd4C708Be9487,TRIBE,0,0.0,18,0xc7283b66eb1eb5fb86327f08e1b5816b0720212b,Tribe
0x89d9Dd2e85ecC305E276f51BB21fd4C708Be9487,POP,0,0.0,18,0xd0cd466b34a24fcb2f87676278af2005ca8a78c4,Popcorn
0x89d9Dd2e85ecC305E276f51BB21fd4C708Be9487,DPX,0,0.0,18,0xeec2be5c91ae7f8a338e1e5f3b5de49d07afdc81,Dopex Governance Token
0x89d9Dd2e85ecC305E276f51BB21fd4C708Be9487,LOOKS,0,0.0,18,0xf4d2888d29d722226fafa5d9b24f9164c092421e,LooksRare Token
0x89d9Dd2e85ecC305E276f51BB21fd4C708Be9487,fTRIBE-8,14699347041394986266908,0.0,8,0xfd3300a9a74b3250f1b2abc12b47611171910b07,Tetranode's Flavor of the Month Tribe
0xbf8afa76bcc2f7fee2f3b358571f426a698e5edd,ABSHIBA.com,8824230000000000,1549291.4,9,0x265befe2b1a0f4f646dea96ba09c1656b74bda91,abSHIBA.com
0xbf8afa76bcc2f7fee2f3b358571f426a698e5edd,KyDy.org,300000000000000000000000,246295.38,18,0xc85e0474068dba5b49450c26879541ee6cc94554,KyDy.org
0xbf8afa76bcc2f7fee2f3b358571f426a698e5edd,akSwap.io,250000000000000000000000,136172.53,18,0x82dfdb2ec1aa6003ed4acba663403d7c2127ff67,akSwap.io
0xbf8afa76bcc2f7fee2f3b358571f426a698e5edd,A68.net,93989280000000000000000,114038.56,18,0x1412eca9dc7daef60451e3155bb8dbf9da349933,A68.net
0xbf8afa76bcc2f7fee2f3b358571f426a698e5edd,Up1.org,113054000000000000000000,102665.516,18,0xf9d25eb4c75ed744596392cf89074afaa43614a8,Up1.org
0xbf8afa76bcc2f7fee2f3b358571f426a698e5edd,DyDex.io,300000000000000000000000,100092.88,18,0xffa55849a7309c7f4fb4de88d804fd546a66c271,DyDex.io
0xbf8afa76bcc2f7fee2f3b358571f426a698e5edd,FXS,2267283996106724916639,69728.59,18,0x3432b6a60d23ca0dfca7761b7ab56459d9c964d0,Frax Share
0xbf8afa76bcc2f7fee2f3b358571f426a698e5edd,LINK,2875800791368885925941,44304.977,18,0x514910771af9ca656af840dff83e8264ecf986ca,ChainLink Token
0xbf8afa76bcc2f7fee2f3b358571f426a698e5edd,CHZ,178313564965100641706530,42608.742,18,0x3506424f91fd33084466f402d5d97f05f8e3b4af,chiliZ
0xbf8afa76bcc2f7fee2f3b358571f426a698e5edd,gOHM,10000000000000000000,42352.21,18,0x0ab87046fbb341d058f17cbc4c1133f25a20a52f,Governance OHM
0xbf8afa76bcc2f7fee2f3b358571f426a698e5edd,SAND,14176925462253489538314,41897.77,18,0x3845badade8e6dff049820680d1f14bd3903a5d0,SAND
0xbf8afa76bcc2f7fee2f3b358571f426a698e5edd,YFI,2000000000000000000,40945.41,18,0x0bc529c00c6401aef6d220be8c6ea1667f6ad93e,yearn.finance
0xbf8afa76bcc2f7fee2f3b358571f426a698e5edd,XMON,1000000000000000000,38700.113,18,0x3aada3e213abf8529606924d8d1c55cbdc70bf74,XMON
0xbf8afa76bcc2f7fee2f3b358571f426a698e5edd,WETH,10696228002776888252,34740.508,18,0xc02aaa39b223fe8d0a0e5c4f27ead9083c756cc2,Wrapped Ether
0xbf8afa76bcc2f7fee2f3b358571f426a698e5edd,RAIL,12835436560071423067589,31229.438,18,0xe76c6c83af64e4c60245d8c7de953df673a7a33d,Rail
0xbf8afa76bcc2f7fee2f3b358571f426a698e5edd,BAT,35747869724999996669952,27029.637,18,0x0d8775f648430679a709e98d2b0cb6250d2887ef,Basic Attention Token
0xbf8afa76bcc2f7fee2f3b358571f426a698e5edd,Metis,271736483035764216146,26370.375,18,0x9e32b13ce7f2e80a01932b42553652e053d6ed8e,Metis Token
0xbf8afa76bcc2f7fee2f3b358571f426a698e5edd,IMX,12178167074691774203717,25790.072,18,0xf57e7e7c23978c3caec3c3548e3d615c346e79ff,Immutable X
0xbf8afa76bcc2f7fee2f3b358571f426a698e5edd,SNX,4754158134506275126164,24586.832,18,0xc011a73ee8576fb46f5e1c5751ca3b9fe0af2a6f,Synthetix Network Token
0xbf8afa76bcc2f7fee2f3b358571f426a698e5edd,NFT,1000000000,22968.36,9,0xcbdeb4ff6cb834a83bf438d26a2fb5e6f53319b7,PunkETH.io
0xbf8afa76bcc2f7fee2f3b358571f426a698e5edd,WRLD,117527212635734953456219,21062.703,18,0xd5d86fc8d5c0ea1ac1ac5dfab6e529c9967a45e9,NFT Worlds
0xbf8afa76bcc2f7fee2f3b358571f426a698e5edd,USDC,21112656981,21053.676,6,0xa0b86991c6218b36c1d19d4a2e9eb0ce3606eb48,USD Coin
0xbf8afa76bcc2f7fee2f3b358571f426a698e5edd,Key7.net,98134000000000,18492.197,9,0xe1b3f4849c8959f53edd3ab932e0f145daf865c1,Key7.net
0xbf8afa76bcc2f7fee2f3b358571f426a698e5edd,ETH,4719282993734662891,15340.389,18,0xeeeeeeeeeeeeeeeeeeeeeeeeeeeeeeeeeeeeeeee,Ether
0xbf8afa76bcc2f7fee2f3b358571f426a698e5edd,STARL,906352343226138116351122844,12723.872,18,0x8e6cd950ad6ba651f6dd608dc70e5886b1aa6b24,StarLink
0xbf8afa76bcc2f7fee2f3b358571f426a698e5edd,D2D,40469385818156548160146,11362.63,18,0x43d4a3cd90ddd2f8f4f693170c9c8098163502ad,Prime
0xbf8afa76bcc2f7fee2f3b358571f426a698e5edd,LRC,10179202525322403269214,10007.43,18,0xbbbbca6a901c926f240b89eacb641d8aec7aeafd,LoopringCoin V2
0xbf8afa76bcc2f7fee2f3b358571f426a698e5edd,FLX,98721218451867640649,9602.621,18,0x6243d8cea23066d098a15582d81a598b4e8391f4,Flex Ungovernance Token
0xbf8afa76bcc2f7fee2f3b358571f426a698e5edd,ANKR,122315310542902089777757,9551.207,18,0x8290333cef9e6d528dd5618fb97a76f268f3edd4,Ankr Network
0xbf8afa76bcc2f7fee2f3b358571f426a698e5edd,GRT,10448842572045410907082,4124.1675,18,0xc944e90c64b2c07662a292be6244bdf05cda44a7,Graph Token
0xbf8afa76bcc2f7fee2f3b358571f426a698e5edd,FWB,75000000000000000000,3277.5,18,0x35bd01fc9d6d5d81ca9e055db88dc49aa2c699a8,Friends With Benefits Pro
0xbf8afa76bcc2f7fee2f3b358571f426a698e5edd,UST,2355051629422212430205,2353.497,18,0xa47c8bf37f92abed4a126bda807a7b7498661acd,Wrapped UST Token
0xbf8afa76bcc2f7fee2f3b358571f426a698e5edd,BOTTO,7590174481517009914616,2157.011,18,0x9dfad1b7102d46b1b197b90095b5c4e9f5845bba,Botto
0xbf8afa76bcc2f7fee2f3b358571f426a698e5edd,BANK,35000000000000000000000,1553.2012,18,0x2d94aa3e47d9d5024503ca8491fce9a2fb4da198,Bankless Token
0xbf8afa76bcc2f7fee2f3b358571f426a698e5edd,FABRIC,225441498632044040971944,1280.9265,18,0x8c6fa66c21ae3fc435790e451946a9ea82e6e523,MetaFabric
0xbf8afa76bcc2f7fee2f3b358571f426a698e5edd,PEOPLE,20000000000000000000000,1152.0999,18,0x7a58c0be72be218b41c608b7fe7c5bb630736c71,ConstitutionDAO
0xbf8afa76bcc2f7fee2f3b358571f426a698e5edd,KRAUSE,1000000000000000000000,785.13464,18,0x9f6f91078a5072a8b54695dafa2374ab3ccd603b,KRAUSE
0xbf8afa76bcc2f7fee2f3b358571f426a698e5edd,aWETH,200108550410003896,649.7004,18,0x030ba81f1c18d280636f32af80b9aad02cf0854e,Aave interest bearing WETH
0xbf8afa76bcc2f7fee2f3b358571f426a698e5edd,DAOMSTR,100000000000000000000,636.664,18,0x7f6b4d98789d283622d6b85d0efa3a7928c59b89,DAO Masters
0xbf8afa76bcc2f7fee2f3b358571f426a698e5edd,SOS,368675435271300000000000000,597.79755,18,0x3b484b82567a09e2588a13d54d032153f0c0aee0,SOS
0xbf8afa76bcc2f7fee2f3b358571f426a698e5edd,NFTL,11500000000000001048576,194.26097,18,0x3c8d2fce49906e11e71cb16fa0ffeb2b16c29638,Nifty League
0xbf8afa76bcc2f7fee2f3b358571f426a698e5edd,HVND,300000000000000000000,50.58568,18,0x320d83769eb64096ea74b686eb586e197997f930,BLVKHVND
0xbf8afa76bcc2f7fee2f3b358571f426a698e5edd,UNI,3704945461988857803,37.145145,18,0x1f9840a85d5af5bf1d1762f925bdaddc4201f984,Uniswap
0xbf8afa76bcc2f7fee2f3b358571f426a698e5edd,JPEGS,7500000000000000000000,28.202442,18,0x5ddafa0856f883a634051dcb4dd710863d85a0c1,IlliquidDAO
0xbf8afa76bcc2f7fee2f3b358571f426a698e5edd,WTF,2868277641763061183156,10.153022,18,0xa68dd8cb83097765263adad881af6eed479c4a33,fees.wtf
0xbf8afa76bcc2f7fee2f3b358571f426a698e5edd,NCT,1205902777777777776,0.010863044,18,0x8a9c4dfe8b9d8962b31e4e16f8321c44d48e246e,NameChangeToken
0xbf8afa76bcc2f7fee2f3b358571f426a698e5edd,sOHM,0,0.0,9,0x04f2694c8fcee23e8fd0dfea1d4f5bb8c352111f,Staked Olympus
0xbf8afa76bcc2f7fee2f3b358571f426a698e5edd,SPELL,0,0.0,18,0x090185f2135308bad17527004364ebcc2d37e5f6,Spell Token
0xbf8afa76bcc2f7fee2f3b358571f426a698e5edd,MIR,916285883326,0.0,18,0x09a3ecafa817268f77be1283176b946c4ff2e608,Wrapped MIR Token
0xbf8afa76bcc2f7fee2f3b358571f426a698e5edd,DPI,0,0.0,18,0x1494ca1f11d487c2bbe4543e90080aeba4ba3c2b,DefiPulse Index
0xbf8afa76bcc2f7fee2f3b358571f426a698e5edd,TCAP,0,0.0,18,0x16c52ceece2ed57dad87319d91b5e3637d50afa4,TCAP Token
0xbf8afa76bcc2f7fee2f3b358571f426a698e5edd,WILD,0,0.0,18,0x2a3bff78b79a009976eea096a51a948a3dc00e34,Wilder
0xbf8afa76bcc2f7fee2f3b358571f426a698e5edd,TOKE,0,0.0,18,0x2e9d63788249371f1dfc918a52f8d799f4a38c94,Tokemak
0xbf8afa76bcc2f7fee2f3b358571f426a698e5edd,OHM,0,0.0,9,0x383518188c0c6d7730d91b2c03a03c837814a899,Olympus
0xbf8afa76bcc2f7fee2f3b358571f426a698e5edd,C,1000000000,0.0,9,0x434d5875534d19fc7105281cf61dbfd1c93c8cb1,CharPunk.Com
0xbf8afa76bcc2f7fee2f3b358571f426a698e5edd,FTM,0,0.0,18,0x4e15361fd6b4bb609fa63c81a2be19d873717870,Fantom Token
0xbf8afa76bcc2f7fee2f3b358571f426a698e5edd,mBABA,642884831934,0.0,18,0x56aa298a19c93c6801fdde870fa63ef75cc0af72,Wrapped Mirror BABA Token
0xbf8afa76bcc2f7fee2f3b358571f426a698e5edd,veNFTW,1000000000000000000,0.0,18,0x69f0b8c5e94f6b64d832b7d9b15f3a88cb2f6f4b,Vote-escrowed NFTWorld
0xbf8afa76bcc2f7fee2f3b358571f426a698e5edd,DAI,0,0.0,18,0x6b175474e89094c44da98b954eedeac495271d0f,Dai Stablecoin
0xbf8afa76bcc2f7fee2f3b358571f426a698e5edd,ORION,90839103335373,0.0,18,0x727f064a78dc734d33eec18d5370aef32ffd46e4,Orion Money Token
0xbf8afa76bcc2f7fee2f3b358571f426a698e5edd,TOMATO,8869469934413104893273161,0.0,18,0x82bd290afa5cc1b75f46822fec415e2be51d7d46,TomatoToken
0xbf8afa76bcc2f7fee2f3b358571f426a698e5edd,HVND,300000000000000000000,0.0,18,0x83221650e771f54773b32b602cedb705c500a2cc,BLVKHVND
0xbf8afa76bcc2f7fee2f3b358571f426a698e5edd,BUILD,0,0.0,18,0x86e429ee7ef4dd853dd0228351c6000cb10ef03f,Build a Metaverse
0xbf8afa76bcc2f7fee2f3b358571f426a698e5edd,NFTX,0,0.0,18,0x87d73e916d7057945c9bcd8cdd94e42a6f47f776,NFTX
0xbf8afa76bcc2f7fee2f3b358571f426a698e5edd,UNI-V2,0,0.0,18,0x87da823b6fc8eb8575a235a824690fda94674c88,Uniswap V2
0xbf8afa76bcc2f7fee2f3b358571f426a698e5edd,AXG,6830000000000000000000000,0.0,18,0x8d9621943caf6081d2745394a1d23da9a963f049,Axie Governance Token
0xbf8afa76bcc2f7fee2f3b358571f426a698e5edd,WHALE,4,0.0,4,0x9355372396e3f6daf13359b7b607a3374cc638e0,WHALE
0xbf8afa76bcc2f7fee2f3b358571f426a698e5edd,JOKE,69000000000000000000,0.0,18,0xa973c558265ad458031fa3067071646836df7713,jokedao
0xbf8afa76bcc2f7fee2f3b358571f426a698e5edd,ETH2x-FLI,0,0.0,18,0xaa6e8127831c9de45ae56bb1b0d4d4da6e5665bd,ETH 2x Flexible Leverage Index
0xbf8afa76bcc2f7fee2f3b358571f426a698e5edd,œæ,3,0.0,0,0xb47e3cd837ddf8e4c57f05d70ab865de6e193bbb,CRYPTOPUNKS
0xbf8afa76bcc2f7fee2f3b358571f426a698e5edd,JIMS,0,0.0,18,0xbab0e1783e8818c1792daefbecfd3f5643f94b52,Jim's ERC20 Token Set
0xbf8afa76bcc2f7fee2f3b358571f426a698e5edd,AXS,0,0.0,18,0xbb0e17ef65f82ab018d8edd776e8dd940327b28b,Axie Infinity Shard
0xbf8afa76bcc2f7fee2f3b358571f426a698e5edd,ENS,0,0.0,18,0xc18360217d8f7ab5e7c516566761ea12ce7f9d72,Ethereum Name Service
0xbf8afa76bcc2f7fee2f3b358571f426a698e5edd,LUNA,0,0.0,18,0xd2877702675e6ceb975b4a1dff9fb7baf4c91ea9,Wrapped LUNA Token
0xbf8afa76bcc2f7fee2f3b358571f426a698e5edd,BEAN,0,0.0,6,0xdc59ac4fefa32293a95889dc396682858d52e5db,Bean
0xbf8afa76bcc2f7fee2f3b358571f426a698e5edd,oSQTH,0,0.0,18,0xf1b99e3e573a1a9c5e6b2ce818b617f0e664e86b,Opyn Squeeth
0xbf8afa76bcc2f7fee2f3b358571f426a698e5edd,LOOKS,0,0.0,18,0xf4d2888d29d722226fafa5d9b24f9164c092421e,LooksRare Token
0x11b6a5fe2906f3354145613db0d99ceb51f604c9,JPM,3212311880662506531241316443,416800.62,18,0x2897f1aab78c2f966cfda16539afe16232909daf,JP Morgan Onyx Metaverse
0x11b6a5fe2906f3354145613db0d99ceb51f604c9,KyDy.org,300000000000000000000000,246295.38,18,0xc85e0474068dba5b49450c26879541ee6cc94554,KyDy.org
0x11b6a5fe2906f3354145613db0d99ceb51f604c9,Ukraine,702892116362259537355977304,230452.77,18,0x4504bfbf4ae479f179453db2f5b65abb9ccd5502,Ukraine DAO
0x11b6a5fe2906f3354145613db0d99ceb51f604c9,SUP,1029824668192050955030569540,208216.48,18,0x2e7ab2c4fb789d82caa07383d4ed22dfdc661119,Wassup
0x11b6a5fe2906f3354145613db0d99ceb51f604c9,GAD,422734482452497883097213457,173017.6,18,0x000875cd6125a5c2c5bbb17791e690df9a6d6000,GreenApp DAO
0x11b6a5fe2906f3354145613db0d99ceb51f604c9,akSwap.io,250000000000000000000000,136172.53,18,0x82dfdb2ec1aa6003ed4acba663403d7c2127ff67,akSwap.io
0x11b6a5fe2906f3354145613db0d99ceb51f604c9,NORD,1000000000000000000000000000,38224.277,18,0xa3280569c705a0f8439cc6bb5f5c64b12342a948,Nord VPN Token
0x11b6a5fe2906f3354145613db0d99ceb51f604c9,PARMA,15960474275731561676030463,19975.736,18,0x1a27bb99fd06244e90c74e936fd24424cf79f06e,Parma Token
0x11b6a5fe2906f3354145613db0d99ceb51f604c9,CITIZEN,500611205036308685,3241.8093,18,0x77f0cc420dea0ae726db6bef1460a4b69176a8ea,KONG Land Alpha Citizenship
0x11b6a5fe2906f3354145613db0d99ceb51f604c9,APE,1000000000000000000000000,2410.0928,18,0x4d2ca7e67827f391946b2e39d11e12cfa66c5381,ApeCoin
0x11b6a5fe2906f3354145613db0d99ceb51f604c9,MRI,8788959855946088864906,495.0371,18,0x0913ddae242839f8995c0375493f9a1a3bddc977,Marshall Rogan Inu
0x11b6a5fe2906f3354145613db0d99ceb51f604c9,DEXT,1000000000000000000000,319.17432,18,0xfb7b4564402e5500db5bb6d63ae671302777c75a,DEXTools
0x11b6a5fe2906f3354145613db0d99ceb51f604c9,RARI,36917891589420640000,296.78647,18,0xfca59cd816ab1ead66534d82bc21e7515ce441cf,Rarible
0x11b6a5fe2906f3354145613db0d99ceb51f604c9,BRIGHT,1064815452294194428971,290.33643,18,0x5dd57da40e6866c9fcc34f4b6ddc89f1ba740dfe,Bright
0x11b6a5fe2906f3354145613db0d99ceb51f604c9,UDT,6706151399531726339,279.8328,18,0x90de74265a416e1393a450752175aed98fe11517,Unlock Discount Token
0x11b6a5fe2906f3354145613db0d99ceb51f604c9,WBTC,633219,270.15018,8,0x2260fac5e5542a773aa44fbcfedf7c193bc2c599,Wrapped BTC
0x11b6a5fe2906f3354145613db0d99ceb51f604c9,ETH,77434055774069773,251.70529,18,0xeeeeeeeeeeeeeeeeeeeeeeeeeeeeeeeeeeeeeeee,Ether
0x11b6a5fe2906f3354145613db0d99ceb51f604c9,SOS,117858278246100000000000000,191.10411,18,0x3b484b82567a09e2588a13d54d032153f0c0aee0,SOS
0x11b6a5fe2906f3354145613db0d99ceb51f604c9,BIRD,2500000000000000000,125.62901,18,0x70401dfd142a16dc7031c56e862fc88cb9537ce0,Bird.Money
0x11b6a5fe2906f3354145613db0d99ceb51f604c9,BAT,127427312890306813619,96.35019,18,0x0d8775f648430679a709e98d2b0cb6250d2887ef,Basic Attention Token
0x11b6a5fe2906f3354145613db0d99ceb51f604c9,DEFISOCKS,1000000000000000000,92.939125,18,0x9d942bd31169ed25a1ca78c776dab92de104e50e,DeFI Socks 2020
0x11b6a5fe2906f3354145613db0d99ceb51f604c9,RADAR,5798000000000000000000,86.408134,18,0x44709a920fccf795fbc57baa433cc3dd53c44dbe,DappRadar
0x11b6a5fe2906f3354145613db0d99ceb51f604c9,DEC,1772068173002999002001,81.66397,18,0x30f271c9e86d2b7d00a6376cd96a1cfbd5f0b9b3,Decentr
0x11b6a5fe2906f3354145613db0d99ceb51f604c9,SOCKS,902820410963851,71.35001,18,0x23b608675a2b2fb1890d3abbd85c5775c51691d5,Unisocks Edition 0
0x11b6a5fe2906f3354145613db0d99ceb51f604c9,UNI,5896536194584814987,59.11766,18,0x1f9840a85d5af5bf1d1762f925bdaddc4201f984,Uniswap
0x11b6a5fe2906f3354145613db0d99ceb51f604c9,OPIUM,99156994032378366013,53.269108,18,0x888888888889c00c67689029d7856aac1065ec11,Opium Governance Token
0x11b6a5fe2906f3354145613db0d99ceb51f604c9,WETH,16017230686012937,52.022705,18,0xc02aaa39b223fe8d0a0e5c4f27ead9083c756cc2,Wrapped Ether
0x11b6a5fe2906f3354145613db0d99ceb51f604c9,SDT,68354430379746836480,42.875614,18,0x73968b9a57c6e53d41345fd57a6e6ae27d6cdb2f,Stake DAO Token
0x11b6a5fe2906f3354145613db0d99ceb51f604c9,NODE,162411565672000000000,41.026554,18,0xda007777d86ac6d989cc9f79a73261b3fc5e0da0,DAppNode DAO Token
0x11b6a5fe2906f3354145613db0d99ceb51f604c9,WHACKD,6000000000000000000000,39.8388,18,0xcf8335727b776d190f9d15a54e6b9b9348439eee,Whackd
0x11b6a5fe2906f3354145613db0d99ceb51f604c9,THALES,68500000000000000000,37.208767,18,0x03e173ad8d1581a4802d3b532ace27a62c5b81dc,Thales Token
0x11b6a5fe2906f3354145613db0d99ceb51f604c9,OpTHALES,68500000000000000000,37.208767,18,0x8947da500eb47f82df21143d0c01a29862a8c3c5,Optimistic Thales Token
0x11b6a5fe2906f3354145613db0d99ceb51f604c9,sUSD,33254380019927258868,33.10472,18,0x57ab1ec28d129707052df4df418d58a2d46d5f51,Synth sUSD
0x11b6a5fe2906f3354145613db0d99ceb51f604c9,ECL,1000000000000000000000,31.188866,18,0x08e411220e47e3fc43bfb832186aba95108f2861,Eclipseum
0x11b6a5fe2906f3354145613db0d99ceb51f604c9,DAI,29250000000000000000,29.280615,18,0x6b175474e89094c44da98b954eedeac495271d0f,Dai Stablecoin
0x11b6a5fe2906f3354145613db0d99ceb51f604c9,bBADGER,1430456828315732802,17.568598,18,0x19d97d8fa813ee2f51ad4b4e04ea08baf4dffc28,Badger Sett Badger
0x11b6a5fe2906f3354145613db0d99ceb51f604c9,GRT,39708861697602606881,15.673122,18,0xc944e90c64b2c07662a292be6244bdf05cda44a7,Graph Token
0x11b6a5fe2906f3354145613db0d99ceb51f604c9,DUST,2048000000000000000000,15.173913,18,0x424242115b5bbdc12a1f5c06dd8dd0ddd03c321d,AI42 Dust
0x11b6a5fe2906f3354145613db0d99ceb51f604c9,MKR,7288806890585692,15.009254,18,0x9f8f72aa9304c8b593d555f12ef6589cc3a579a2,Maker Token
0x11b6a5fe2906f3354145613db0d99ceb51f604c9,HEX,10000000000,13.483834,8,0x2b591e99afe9f32eaa6214f7b7629768c40eeb39,HEX
0x11b6a5fe2906f3354145613db0d99ceb51f604c9,ROYAL,100000000000000000000,6.9704337,18,0xc0844fdf1bcbde59a3af0859455d964d350a2cb6,ROYAL
0x11b6a5fe2906f3354145613db0d99ceb51f604c9,ZRX,4993893548642437530,3.8612134,18,0xe41d2489571d322189246dafa5ebde1f4699f498,0x Protocol Token
0x11b6a5fe2906f3354145613db0d99ceb51f604c9,KEANU,155494523929286007164,3.0973084,9,0x106552c11272420aad5d7e94f8acab9095a6c952,Keanu Inu
0x11b6a5fe2906f3354145613db0d99ceb51f604c9,ALCH,20000000000000000000,1.6726781,18,0x0000a1c00009a619684135b824ba02f7fbf3a572,Alchemy
0x11b6a5fe2906f3354145613db0d99ceb51f604c9,TNS,261544482627661691899,1.1304053,18,0xb0280743b44bf7db4b6be482b2ba7b75e5da096c,Transcodium
0x11b6a5fe2906f3354145613db0d99ceb51f604c9,0xBTC,100000000,1.100042,8,0xb6ed7644c69416d67b522e20bc294a9a9b405b31,0xBitcoin Token
0x11b6a5fe2906f3354145613db0d99ceb51f604c9,FVT,111000000000000000000,0.68185836,18,0x45080a6531d671ddff20db42f93792a489685e32,Finance.Vote Token
0x11b6a5fe2906f3354145613db0d99ceb51f604c9,ECO,39427083435923051699,0.20141646,18,0xc242eb8e4e27eae6a2a728a41201152f19595c83,EcoFi Token
0x11b6a5fe2906f3354145613db0d99ceb51f604c9,EMN,8617192999218781551295,0.19751768,18,0x5ade7ae8660293f2ebfcefaba91d141d72d221e8,Eminence
0x11b6a5fe2906f3354145613db0d99ceb51f604c9,FORCE,221390000000000000000,0.1300106,18,0x2c31b10ca416b82cec4c5e93c615ca851213d48d,Force DAO
0x11b6a5fe2906f3354145613db0d99ceb51f604c9,ERC20,2970000000000000000,0.05655104,18,0xc3761eb917cd790b30dad99f6cc5b4ff93c4f9ea,ERC20
0x11b6a5fe2906f3354145613db0d99ceb51f604c9,SHIT,420000000000,0.05376466,6,0xaa7fb1c8ce6f18d4fd4aabb61a2193d4d441c54f,ShitCoin
0x11b6a5fe2906f3354145613db0d99ceb51f604c9,LOON,4000000000000000000,0.034259524,18,0x7c5d5100b339fe7d995a893af6cb496b9474373c,Loon Network
0x11b6a5fe2906f3354145613db0d99ceb51f604c9,UNII,400688000000000000000,0.031791493,18,0x825130aa1beef07bdf4f389705321816d05b0d0f,UNII
0x11b6a5fe2906f3354145613db0d99ceb51f604c9,AMB,100000000000000000,0.03073669,18,0x4dc3643dbc642b72c158e7f3d2ff232df61cb6ce,Amber Token
0x11b6a5fe2906f3354145613db0d99ceb51f604c9,FRR,1000000000000000000,0.025768675,18,0xe6602b34d8510b033e000975b3322537c7172441,Frontrow
0x11b6a5fe2906f3354145613db0d99ceb51f604c9,ETHPLO,50000000,0.02133518,6,0xe0c6ce3e73029f201e5c0bedb97f67572a93711c,ETHplode
0x11b6a5fe2906f3354145613db0d99ceb51f604c9,,0,0.0,18,0x09cabec1ead1c0ba254b09efb3ee13841712be14,
0x11b6a5fe2906f3354145613db0d99ceb51f604c9,VNIL,231044040031142311356,0.0,18,0x0aa81a3e027bf4ec1549780b756c6f0ac800350d,vNil
0x11b6a5fe2906f3354145613db0d99ceb51f604c9,YFI,0,0.0,18,0x0bc529c00c6401aef6d220be8c6ea1667f6ad93e,yearn.finance
0x11b6a5fe2906f3354145613db0d99ceb51f604c9,PUBG,2000000000000000000,0.0,18,0x0c334506e0bcb7c17b583cb7c0ec2f5857bf9e6f,Public Goods
0x11b6a5fe2906f3354145613db0d99ceb51f604c9,GRT,100,0.0,0,0x0c8cdc16973e88fab31dd0fcb844ddf0e1056de2,Genesis Raffle Token
0x11b6a5fe2906f3354145613db0d99ceb51f604c9,POOL,0,0.0,18,0x0cec1a9154ff802e7934fc916ed7ca50bde6844e,PoolTogether
0x11b6a5fe2906f3354145613db0d99ceb51f604c9,UNI-V2,0,0.0,18,0x0d4a11d5eeaac28ec3f61d100daf4d40471f1852,Uniswap V2
0x11b6a5fe2906f3354145613db0d99ceb51f604c9,NCOV,0,0.0,18,0x10ef64cb79fd4d75d4aa7e8502d95c42124e434b,CoronaCoin
0x11b6a5fe2906f3354145613db0d99ceb51f604c9,1INCH,0,0.0,18,0x111111111117dc0aa78b770fa6a738034120c302,1INCH Token
0x11b6a5fe2906f3354145613db0d99ceb51f604c9,GU:S1:LC,0,0.0,18,0x1183e505ad80fb1b648efe2ef44f8429afa8cea9,GU:S1: Legendary Chest
0x11b6a5fe2906f3354145613db0d99ceb51f604c9,ETHRSIAPY,0,0.0,18,0x136fae4333ea36a24bb751e2d505d6ca4fd9f00b,ETH RSI 60/40 Yield
0x11b6a5fe2906f3354145613db0d99ceb51f604c9,SWAP,40000000000000000000,0.0,18,0x14a52cf6b4f68431bd5d9524e4fcd6f41ce4ade9,www.swap.online community token
0x11b6a5fe2906f3354145613db0d99ceb51f604c9,ASR,100000000000000000000,0.0,18,0x15dfc197e7ac7d81a07250b5bdebaa96fc1c5dfa,Asure
0x11b6a5fe2906f3354145613db0d99ceb51f604c9,CAN,20000162,0.0,6,0x1d462414fe14cf489c7a21cac78509f4bf8cd7c0,CanYaCoin
0x11b6a5fe2906f3354145613db0d99ceb51f604c9,X2Y2,0,0.0,18,0x1e4ede388cbc9f4b5c79681b7f94d36a11abebc9,X2Y2Token
0x11b6a5fe2906f3354145613db0d99ceb51f604c9,JDFI/A,1000000000000000000,0.0,18,0x1f89abfc1a80eae67b8036a49204823e8861eaf6,JusDeFi Airdrop
0x11b6a5fe2906f3354145613db0d99ceb51f604c9,blockwell.ai KYC Casper Token,0,0.0,18,0x212d95fccdf0366343350f486bda1ceafc0c2d63,blockwell.ai KYC Casper Token
0x11b6a5fe2906f3354145613db0d99ceb51f604c9,LSDT,8000000000000000000000,0.0,18,0x231d823778c38783d0608ec9a08a99cfa50b6cc9,LSD.Travel
0x11b6a5fe2906f3354145613db0d99ceb51f604c9,DONUT,0,0.0,18,0x23d80c4ee8fb55d4183dd9329296e176dc7464e1,Donut
0x11b6a5fe2906f3354145613db0d99ceb51f604c9,,0,0.0,18,0x2c4bd064b998838076fa341a83d007fc2fa50957,
0x11b6a5fe2906f3354145613db0d99ceb51f604c9,ST,0,0.0,18,0x2c4e8f2d746113d0696ce89b35f0d8bf88e0aeca,Simple Token
0x11b6a5fe2906f3354145613db0d99ceb51f604c9,farm-1LP-ETH-1INCH,0,0.0,18,0x2ec255797fef7669fa243509b7a599121148ffba,Farming: 1inch Liquidity Pool (ETH-1INCH)
0x11b6a5fe2906f3354145613db0d99ceb51f604c9,findtherabbit.me,1649601785000000000000000000,0.0,18,0x2ff2b86c156583b1135c584fd940a1996fa4230b,https://findtherabbit.me
0x11b6a5fe2906f3354145613db0d99ceb51f604c9,AGR,15757000000000000000000,0.0,18,0x3174c1e1bbcfb3fe8e9be3ec9b4177a5cfbe5966,Agora
0x11b6a5fe2906f3354145613db0d99ceb51f604c9,PcDAI,0,0.0,18,0x334cbb5858417aee161b53ee0d5349ccf54514cf,PoolTogether Dai Ticket (Compound)
0x11b6a5fe2906f3354145613db0d99ceb51f604c9,FF9.io,300000000000000000000000,0.0,18,0x34278f6f40079eae344cbac61a764bcf85afc949,FF9.io
0x11b6a5fe2906f3354145613db0d99ceb51f604c9,BADGER,0,0.0,18,0x3472a5a71965499acd81997a54bba8d852c6e53d,Badger
0x11b6a5fe2906f3354145613db0d99ceb51f604c9,ESD,0,0.0,18,0x36f3fd68e7325a35eb768f1aedaae9ea0689d723,Empty Set Dollar
0x11b6a5fe2906f3354145613db0d99ceb51f604c9,SAND,0,0.0,18,0x3845badade8e6dff049820680d1f14bd3903a5d0,SAND
0x11b6a5fe2906f3354145613db0d99ceb51f604c9,SHUF,0,0.0,18,0x3a9fff453d50d4ac52a6890647b823379ba36b9e,Shuffle.Monster V3
0x11b6a5fe2906f3354145613db0d99ceb51f604c9,NME,616794190439359971328,0.0,18,0x404a03728afd06fb934e4b6f0eaf67796912733a,#halfrekt
0x11b6a5fe2906f3354145613db0d99ceb51f604c9,FUN,0,0.0,8,0x419d0d8bdd9af5e606ae2232ed285aff190e711b,FunFair
0x11b6a5fe2906f3354145613db0d99ceb51f604c9,SPANK,0,0.0,18,0x42d6622dece394b54999fbd73d108123806f6a18,SPANK
0x11b6a5fe2906f3354145613db0d99ceb51f604c9,BSJ,50000000000000000000,0.0,18,0x43901e05f08f48546fff8d6f8df108f60570498b,BASENJI
0x11b6a5fe2906f3354145613db0d99ceb51f604c9,nTrump,0,0.0,15,0x44ea84a85616f8e9cd719fc843de31d852ad7240,NO Donald Trump
0x11b6a5fe2906f3354145613db0d99ceb51f604c9,UNI-V2,0,0.0,18,0x470e8de2ebaef52014a47cb5e6af86884947f08c,Uniswap V2
0x11b6a5fe2906f3354145613db0d99ceb51f604c9,LONDON,0,0.0,18,0x491d6b7d6822d5d4bc88a1264e1b47791fd8e904,LONDON
0x11b6a5fe2906f3354145613db0d99ceb51f604c9,plDai,0,0.0,18,0x49d716dfe60b37379010a75329ae09428f17118d,PoolTogether: plDai Token
0x11b6a5fe2906f3354145613db0d99ceb51f604c9,FODL,0,0.0,18,0x4c2e59d098df7b6cbae0848d66de2f8a4889b9c3,Fodl
0x11b6a5fe2906f3354145613db0d99ceb51f604c9,PAINT,0,0.0,18,0x4c6ec08cf3fc987c6c4beb03184d335a2dfc4042,Paint
0x11b6a5fe2906f3354145613db0d99ceb51f604c9,stkAAVE,0,0.0,18,0x4da27a545c0c5b758a6ba100e3a049001de870f5,Staked Aave
0x11b6a5fe2906f3354145613db0d99ceb51f604c9,HERO,2,0.0,0,0x4fece400c0d3db0937162ab44bab34445626ecfe,ETH.TOWN Hero
0x11b6a5fe2906f3354145613db0d99ceb51f604c9,LINK,0,0.0,18,0x514910771af9ca656af840dff83e8264ecf986ca,ChainLink Token
0x11b6a5fe2906f3354145613db0d99ceb51f604c9,LINKETHPA,0,0.0,18,0x542156d51d10db5accb99f9db7e7c91b74e80a2c,ETH/LINK PA Candlestick Set
0x11b6a5fe2906f3354145613db0d99ceb51f604c9,cDAI,0,0.0,8,0x5d3a536e4d6dbd6114cc1ead35777bab948e3643,Compound Dai
0x11b6a5fe2906f3354145613db0d99ceb51f604c9,PLA,26000000000000000000,0.0,18,0x5f5b176553e51171826d1a62e540bc30422c7717,PLA Token
0x11b6a5fe2906f3354145613db0d99ceb51f604c9,CBIT,100,0.0,2,0x5f5d0767fb8ba2c2793bf7957993a63b5e67d92b,CryptoBots: Idle Token
0x11b6a5fe2906f3354145613db0d99ceb51f604c9,üê±,0,0.0,0,0x60cd862c9c687a9de49aecdc3a99b74a4fc54ab6,MoonCats
0x11b6a5fe2906f3354145613db0d99ceb51f604c9,LSHRT,1000000000000000000,0.0,18,0x65b3e0cf1d965c8ae1aae48d35848ddc62e7f7d7,Law Shirt
0x11b6a5fe2906f3354145613db0d99ceb51f604c9,MLTT,50000000000000000000,0.0,18,0x65ece136b89ebaa72a7f7aa815674946e44ca3f9,Matter Labs Trial Token
0x11b6a5fe2906f3354145613db0d99ceb51f604c9,TLN,0,0.0,18,0x679131f591b4f369acb8cd8c51e68596806c3916,Trustlines Network Token
0x11b6a5fe2906f3354145613db0d99ceb51f604c9,POO,5464480000000000000,0.0,18,0x6a54ef1680f593574522422f3700194ec91ce57d,PooTogether Token
0x11b6a5fe2906f3354145613db0d99ceb51f604c9,BOOTY,1142552257252257837,0.0,18,0x6b01c3170ae1efebee1a3159172cb3f7a5ecf9e5,BOOTY
0x11b6a5fe2906f3354145613db0d99ceb51f604c9,SUSHI,0,0.0,18,0x6b3595068778dd592e39a122f4f5a5cf09c90fe2,SushiToken
0x11b6a5fe2906f3354145613db0d99ceb51f604c9,ETHU,6746052486644,0.0,8,0x6b92d76c9d0d40e53019ffa51b6f0c9b6bc657c9,Ethereum Utility
0x11b6a5fe2906f3354145613db0d99ceb51f604c9,ETHMOONX,0,0.0,18,0x73104e9d3da91e410a6c211068f7bffabbbd3e26,ETH Moonshot X Set
0x11b6a5fe2906f3354145613db0d99ceb51f604c9,SNT,0,0.0,18,0x744d70fdbe2ba4cf95131626614a1763df805b9e,Status Network Token
0x11b6a5fe2906f3354145613db0d99ceb51f604c9,www.168pools.com - visit now for DeFi ROi and POOLs stats,856420144564,0.0,0,0x7761c09ea2de3f7205dba784fd87fd196e019d2a,www.168pools.com - visit now for DeFi ROi and POOLs stats
0x11b6a5fe2906f3354145613db0d99ceb51f604c9,AZ,8888000000000000000000,0.0,18,0x77fe30b2cf39245267c0a5084b66a560f1cf9e1f,Azbit
0x11b6a5fe2906f3354145613db0d99ceb51f604c9,WED,1000000000000000000000,0.0,18,0x7848ae8f19671dc05966dafbefbbbb0308bdfabd,Wednesday Coin
0x11b6a5fe2906f3354145613db0d99ceb51f604c9,BASTARD,21420000000000000000000,0.0,18,0x78d9a9355a7823887868492c47368956ea473618,BastardToken
0x11b6a5fe2906f3354145613db0d99ceb51f604c9,DIGG,0,0.0,9,0x798d1be841a82a273720ce31c822c61a67a601c3,Digg
0x11b6a5fe2906f3354145613db0d99ceb51f604c9,CTZN,1000000000000000000,0.0,18,0x79ba39f90bb94fb850a989944cdfde12ed480ff9,KONG Land Citizenship
0x11b6a5fe2906f3354145613db0d99ceb51f604c9,PEOPLE,0,0.0,18,0x7a58c0be72be218b41c608b7fe7c5bb630736c71,ConstitutionDAO
0x11b6a5fe2906f3354145613db0d99ceb51f604c9,bDIGG,9286739963664672,0.0,18,0x7e7e112a68d8d2e221e11047a72ffc1065c38e1a,Badger Sett Digg
0x11b6a5fe2906f3354145613db0d99ceb51f604c9,AAVE,0,0.0,18,0x7fc66500c84a76ad7e9c93437bfc5ac33e2ddae9,Aave Token
0x11b6a5fe2906f3354145613db0d99ceb51f604c9,CRX,11332053333333000000,0.0,18,0x80acb802869f7b825cdbdacb504cf95b595bb930,Core
0x11b6a5fe2906f3354145613db0d99ceb51f604c9,LEND,0,0.0,18,0x80fb784b7ed66730e8b1dbd9820afd29931aab03,EthLend Token
0x11b6a5fe2906f3354145613db0d99ceb51f604c9,1LP-ETH-1INCH,0,0.0,18,0x812b40c2ca7fabbac756475593fc8b1c313434fa,1inch Liquidity Pool (ETH-1INCH)
0x11b6a5fe2906f3354145613db0d99ceb51f604c9,KIN,0,0.0,18,0x818fc6c2ec5986bc6e2cbf00939d90556ab12ce5,Kin
0x11b6a5fe2906f3354145613db0d99ceb51f604c9,RSR,0,0.0,18,0x8762db106b2c2a0bccb3a80d1ed41273552616e8,Reserve Rights
0x11b6a5fe2906f3354145613db0d99ceb51f604c9,xSUSHI,0,0.0,18,0x8798249c2e607446efb7ad49ec89dd1865ff4272,SushiBar
0x11b6a5fe2906f3354145613db0d99ceb51f604c9,SAI,0,0.0,18,0x89d24a6b4ccb1b6faa2625fe562bdd9a23260359,Sai Stablecoin
0x11b6a5fe2906f3354145613db0d99ceb51f604c9,FCK.com Lowest house edge,1000000000000000000000,0.0,18,0x89e642e9bdb2c3d2fa03b600d8922cfc0800fddb,FCK.com
0x11b6a5fe2906f3354145613db0d99ceb51f604c9,MOON-V1-ETH-1INCH,0,0.0,18,0x8b1f66e167653308b3fb15493e7489a4be58d1e5,Mooniswap V1 (ETH-1INCH)
0x11b6a5fe2906f3354145613db0d99ceb51f604c9,REQ,42399998319,0.0,18,0x8f8221afbb33998d8584a2b05749ba73c37a938a,Request Token
0x11b6a5fe2906f3354145613db0d99ceb51f604c9,ETIT,1013809027192000000,0.0,18,0x8fe19c447821b4cdcdd5012bca1b5469ca96d80d,ETH.TOWN Token
0x11b6a5fe2906f3354145613db0d99ceb51f604c9,ECO,0,0.0,18,0x901cabaa1ee064ee8649c83f283d3f2165e13480,EcoFi
0x11b6a5fe2906f3354145613db0d99ceb51f604c9,JOY,0,0.0,0,0x96313f2c374f901e3831ea6de67b1165c4f39a54,John Orion Young
0x11b6a5fe2906f3354145613db0d99ceb51f604c9,ETH20SMACO,0,0.0,18,0x9ea463ec4ce9e9e5bc9cfd0187c4ac3a70dd951d,ETH 20 SMA Crossover Set
0x11b6a5fe2906f3354145613db0d99ceb51f604c9,SHIBA2,100000000000000000000,0.0,18,0xa0335820dc549dbfae5b8d691331cadfca7026e0,Shiba v2 Limited
0x11b6a5fe2906f3354145613db0d99ceb51f604c9,CUNT,3,0.0,0,0xa06b79b41bc24a83c350ff3f74c7beaf96574d71,Cunning Token
0x11b6a5fe2906f3354145613db0d99ceb51f604c9,USDC,0,0.0,6,0xa0b86991c6218b36c1d19d4a2e9eb0ce3606eb48,USD Coin
0x11b6a5fe2906f3354145613db0d99ceb51f604c9,ETHS,1000000000000000000,0.0,18,0xa2dca1505b07e39f96ce41e875b447f46d50c6fc,EthercashÔºà‰ª•Â§™Áé∞ÈáëÔºâ
0x11b6a5fe2906f3354145613db0d99ceb51f604c9,BTCETH7525,0,0.0,18,0xa35fc5019c4dc509394bd4d74591a0bf8852c195,BitEth7525RebalancingSetToken
0x11b6a5fe2906f3354145613db0d99ceb51f604c9,UNI-V2,0,0.0,18,0xa478c2975ab1ea89e8196811f51a7b7ade33eb11,Uniswap V2
0x11b6a5fe2906f3354145613db0d99ceb51f604c9,iETH,0,0.0,18,0xa9859874e1743a32409f75bb11549892138bba1e,Synth iETH
0x11b6a5fe2906f3354145613db0d99ceb51f604c9,STT,4000000000000000000,0.0,18,0xac9bb427953ac7fddc562adca86cf42d988047fd,Scatter.cx
0x11b6a5fe2906f3354145613db0d99ceb51f604c9,2020-nEthV,3,0.0,0,0xae26a1488c38d187ff2f52ae59158edbedcb4069,EtherVirus
0x11b6a5fe2906f3354145613db0d99ceb51f604c9,MAGIC,0,0.0,18,0xb0c7a3ba49c7a6eaba6cd4a96c55a1391070ac9a,MAGIC
0x11b6a5fe2906f3354145613db0d99ceb51f604c9,RPL,0,0.0,18,0xb4efd85c19999d84251304bda99e90b92300bd93,Rocket Pool
0x11b6a5fe2906f3354145613db0d99ceb51f604c9,sti,2000000000,0.0,8,0xb52bbd3d5bfa3836bf2b55fe3b7467219280bc2e,StiB
0x11b6a5fe2906f3354145613db0d99ceb51f604c9,LNB,5000000000000000000000,0.0,18,0xb5674f6c6f3d7f45476412e9a7f4f81fc63c9550,LinearBeam
0x11b6a5fe2906f3354145613db0d99ceb51f604c9,HGT,0,0.0,8,0xba2184520a1cc49a6159c57e61e1844e085615b6,HelloGold Token
0x11b6a5fe2906f3354145613db0d99ceb51f604c9,,22848122119861130,0.0,0,0xbb9bc244d798123fde783fcc1c72d3bb8c189413,
0x11b6a5fe2906f3354145613db0d99ceb51f604c9,LRC,0,0.0,18,0xbbbbca6a901c926f240b89eacb641d8aec7aeafd,LoopringCoin V2
0x11b6a5fe2906f3354145613db0d99ceb51f604c9,CONTRIB,1957000000000000000000,0.0,18,0xbe1fffb262a2c3e65c5eb90f93caf4edc7d28c8d,EthTrader Contribution
0x11b6a5fe2906f3354145613db0d99ceb51f604c9,SNX,0,0.0,18,0xc011a73ee8576fb46f5e1c5751ca3b9fe0af2a6f,Synthetix Network Token
0x11b6a5fe2906f3354145613db0d99ceb51f604c9,DONUT,0,0.0,18,0xc0f9bd5fa5698b6505f643900ffa515ea5df54a9,Donut
0x11b6a5fe2906f3354145613db0d99ceb51f604c9,AUC,0,0.0,18,0xc12d099be31567add4e4e4d0d45691c3f58f5663,Auctus Token
0x11b6a5fe2906f3354145613db0d99ceb51f604c9,ENS,0,0.0,18,0xc18360217d8f7ab5e7c516566761ea12ce7f9d72,Ethereum Name Service
0x11b6a5fe2906f3354145613db0d99ceb51f604c9,TRIBE,0,0.0,18,0xc7283b66eb1eb5fb86327f08e1b5816b0720212b,Tribe
0x11b6a5fe2906f3354145613db0d99ceb51f604c9,OG,3000000000000000000,0.0,18,0xc7665729dccff66f8f1b8676434f0ae4a9bfe511,Omise Gangster Token
0x11b6a5fe2906f3354145613db0d99ceb51f604c9,FOX,0,0.0,18,0xc770eefad204b5180df6a14ee197d99d808ee52d,FOX
0x11b6a5fe2906f3354145613db0d99ceb51f604c9,MNE,3200000000000,0.0,8,0xc92e74b131d7b1d46e60e07f3fae5d8877dd03f0,Minereum
0x11b6a5fe2906f3354145613db0d99ceb51f604c9,NEC,0,0.0,18,0xcc80c051057b774cd75067dc48f8987c4eb97a5e,Ethfinex Nectar Token
0x11b6a5fe2906f3354145613db0d99ceb51f604c9,OMG,0,0.0,18,0xd26114cd6ee289accf82350c8d8487fedb8a0c07,OMGToken
0x11b6a5fe2906f3354145613db0d99ceb51f604c9,RGT,0,0.0,18,0xd291e7a03283640fdc51b121ac401383a46cc623,Rari Governance Token
0x11b6a5fe2906f3354145613db0d99ceb51f604c9,ELEC,3035107347686150000,0.0,18,0xd49ff13661451313ca1553fd6954bd1d9b6e02b9,ElectrifyAsia
0x11b6a5fe2906f3354145613db0d99ceb51f604c9,MEME,0,0.0,8,0xd5525d397898e5502075ea5e830d8914f6f0affe,MEME
0x11b6a5fe2906f3354145613db0d99ceb51f604c9,Soar,10000000,0.0,6,0xd65960facb8e4a2dfcb2c2212cb2e44a02e2a57e,Soarcoin
0x11b6a5fe2906f3354145613db0d99ceb51f604c9,RAPDOGE,81868692654735373684157542090,0.0,18,0xd8dae35b487e3453cffd998c6754713c81b0f200,RapDoge
0x11b6a5fe2906f3354145613db0d99ceb51f604c9,UNI-V2,0,0.0,18,0xd98d0079b54ca49b6c3717a5078fb3fb2c412103,Uniswap V2
0x11b6a5fe2906f3354145613db0d99ceb51f604c9,CER,7160413,0.0,8,0xd9d4a7ca154fe137c808f7eedbe24b639b7af5a6,Cereneum
0x11b6a5fe2906f3354145613db0d99ceb51f604c9,USDT,0,0.0,6,0xdac17f958d2ee523a2206206994597c13d831ec7,Tether USD
0x11b6a5fe2906f3354145613db0d99ceb51f604c9,PTaUSDC,0,0.0,6,0xdd4d117723c257cee402285d3acf218e9a8236e1,PoolTogether aUSDC Ticket
0x11b6a5fe2906f3354145613db0d99ceb51f604c9,KNC,0,0.0,18,0xdd974d5c2e2928dea5f71b9825b8b646686bd200,Kyber Network Crystal
0x11b6a5fe2906f3354145613db0d99ceb51f604c9,KODA,0,0.0,0,0xdde2d979e8d39bb8416eafcfc1758f3cab2c9c72,KnownOriginDigitalAsset
0x11b6a5fe2906f3354145613db0d99ceb51f604c9,GTC,0,0.0,18,0xde30da39c46104798bb5aa3fe8b9e0e1f348163f,Gitcoin
0x11b6a5fe2906f3354145613db0d99ceb51f604c9,ZOO,2000000,0.0,6,0xe31515fe3023e715650eb2307379244c40cdbc95,Zoo Token
0x11b6a5fe2906f3354145613db0d99ceb51f604c9,BAL,31,0.0,0,0xe7049114562c759d5e9d1d25783773ccd61c0a65,Balance token
0x11b6a5fe2906f3354145613db0d99ceb51f604c9,xFORCE,221390000000000000000,0.0,18,0xe7f445b93eb9cdabfe76541cc43ff8de930a58e6,xFORCE
0x11b6a5fe2906f3354145613db0d99ceb51f604c9,LOOKS,0,0.0,18,0xf4d2888d29d722226fafa5d9b24f9164c092421e,LooksRare Token
0x11b6a5fe2906f3354145613db0d99ceb51f604c9,NOBS,0,0.0,18,0xf4faea455575354d2699bc209b0a65ca99f69982,No BS Crypto
0x11b6a5fe2906f3354145613db0d99ceb51f604c9,IMX,0,0.0,18,0xf57e7e7c23978c3caec3c3548e3d615c346e79ff,Immutable X
0x11b6a5fe2906f3354145613db0d99ceb51f604c9,cDAI,0,0.0,8,0xf5dce57282a584d2746faf1593d3121fcac444dc,Compound Dai
0x11b6a5fe2906f3354145613db0d99ceb51f604c9,OCEAN,750000000000000000000,0.0,18,0xf5ed2dc77f0d1ea7f106ecbd1850e406adc41b51,The Ocean Token
0x11b6a5fe2906f3354145613db0d99ceb51f604c9,CACHE,30337000000000000000,0.0,18,0xf9101f6bdeaaf60735e62820585871f9b1f162b8,CACHE
0x11b6a5fe2906f3354145613db0d99ceb51f604c9,RCN,0,0.0,18,0xf970b8e36e23f7fc3fd752eea86f8be8d83375a6,Ripio Credit Network Token
0x11b6a5fe2906f3354145613db0d99ceb51f604c9,IOST,0,0.0,18,0xfa1a856cfa3409cfa145fa4e20eb270df3eb21ab,IOSToken
0x11b6a5fe2906f3354145613db0d99ceb51f604c9,fTRIBE-8,950208290482333249344,0.0,8,0xfd3300a9a74b3250f1b2abc12b47611171910b07,Tetranode's Flavor of the Month Tribe
0x11b6a5fe2906f3354145613db0d99ceb51f604c9,CBTB,1,0.0,0,0xfd79c2aa42ab4bfbd7c03c1e6866491172917b32,CryptoBotsBattle
